"CONTROLN","TARGET_D"
1171,0.0
176468,0.0
60752,0.0
126337,3.0
17820,0.0
134279,1.0
159385,0.0
81523,2.25
93441,1.5
38373,1.0
188443,0.0
140920,0.75
185912,0.0
161403,2.0
119447,0.0
83395,2.25
16166,0.0
123943,1.0
69302,0.75
42420,0.5
48947,0.0
155569,0.0
189367,0.0
136366,0.0
150601,0.0
56186,0.0
25533,0.0
147232,0.0
72050,0.6
163892,0.0
97255,6.0
188668,0.0
154568,0.0
179873,3.35
114314,0.0
72002,0.0
163131,0.0
73101,0.0
112249,0.0
29777,3.05
138953,0.0
121664,4.85
65159,0.0
159171,0.0
110955,2.0
25110,0.0
65363,0.35
25084,0.0
64811,0.0
174297,0.0
189827,0.35
126040,0.75
127604,0.0
99258,1.5
27294,0.0
71056,0.0
108004,0.0
42054,0.5
157251,0.0
13151,1.0
135344,4.75
107376,3.55
179927,0.0
50338,4.5
143185,7.6
117341,1.25
85438,0.0
117102,0.0
111397,0.0
77080,2.1
87117,4.8
120023,0.0
63731,1.7
165086,0.0
72281,0.5
121885,4.25
21403,0.5
102639,0.0
86777,1.0
34996,0.5
136791,1.75
34236,1.5
105631,1.15
146382,0.0
64717,0.0
9928,2.1
70161,1.05
187592,4.0
95024,0.0
67463,0.0
76028,2.1
190322,4.8
26235,1.25
152574,0.0
55712,0.0
97767,0.5
31959,1.25
17526,0.7
119626,0.0
171286,3.8
20167,0.0
106362,0.0
78851,0.0
83856,1.85
12919,1.0
189824,0.25
4783,3.25
26936,0.0
22626,0.0
187638,1.85
165420,2.5
11508,0.0
181700,0.0
31389,0.0
41083,0.0
158627,0.0
98193,0.0
5432,4.2
74968,0.25
81795,0.5
134628,0.0
124843,0.0
191291,2.25
21654,0.0
123392,0.5
128239,0.0
74588,0.0
103913,0.0
124344,4.0
18923,0.85
46288,4.1
96036,6.05
27174,0.0
100414,4.0
100356,0.0
8716,3.75
110538,2.0
141925,0.0
52315,10.0
54645,0.5
190920,0.0
132894,9.75
73985,3.75
114751,1.4
16867,0.0
137256,1.5
186534,0.0
156996,0.0
164146,0.0
35270,6.5
158396,0.0
48267,2.6
106979,0.0
79420,5.25
60336,0.0
71680,0.75
107186,0.0
17503,1.25
111622,0.0
11873,48.75
150411,0.0
124443,0.0
109693,0.0
83462,2.1
68681,3.0
85202,0.0
77734,0.0
126451,0.25
79705,0.0
2153,0.5
76994,1.35
19129,0.0
172908,1.0
92685,0.5
2583,0.25
139336,0.35
16171,0.0
100208,0.0
145537,2.75
106412,2.3
73321,1.0
60515,5.6
17791,0.0
170824,0.0
130789,0.75
160067,0.0
168297,1.25
90003,0.85
133683,7.5
90818,1.5
45565,2.95
28480,0.0
171488,1.5
141403,0.0
1330,0.0
152939,2.0
174945,0.0
91789,0.0
89783,1.45
165038,1.85
1164,0.25
18966,0.0
24434,0.0
5626,18.75
92362,1.0
177834,0.0
107514,1.6
113711,0.0
50884,0.0
111476,2.3
13066,0.5
189352,0.0
65776,4.85
72982,1.25
39556,0.5
38911,3.35
87911,2.75
91621,2.25
34135,0.0
60632,0.0
173658,2.0
64570,0.0
151685,0.25
170078,0.0
68866,1.5
53869,0.0
163435,0.0
76689,2.0
115016,0.0
65524,0.6
128041,0.0
173408,0.0
144673,1.0
76893,0.5
152470,3.75
72378,0.0
140507,2.2
134183,0.0
143577,0.0
173001,1.35
95729,0.0
26690,0.75
27872,0.0
137784,2.1
15581,0.0
144616,1.0
70,0.35
175071,9.1
186271,0.0
74313,0.0
114034,0.0
55621,0.0
126464,4.7
77025,2.25
13808,0.0
142313,0.0
79097,0.0
63714,0.25
4729,1.0
65787,0.0
81793,0.0
87360,0.0
38586,0.0
6107,0.7
24784,0.6
42300,0.0
186623,0.0
79532,1.25
18952,5.0
64467,3.95
101492,0.0
87813,1.0
149009,0.0
135268,0.5
95285,0.0
11124,0.0
160239,0.0
12225,0.0
29019,1.45
16160,0.0
84854,0.7
9640,0.25
113684,0.0
43968,2.1
94057,0.0
23813,2.0
111974,3.0
50562,0.0
149982,0.0
432,0.0
136581,3.15
58712,0.0
13099,0.0
143303,0.0
166434,1.25
93953,0.5
51986,0.0
185436,3.4
66831,0.0
45063,1.1
33455,1.5
106510,0.0
32174,0.0
67808,0.0
118151,4.4
111236,0.0
167419,0.0
72574,0.0
2453,0.15
174765,0.0
7133,4.45
91390,2.65
78444,0.0
85172,5.65
85478,0.6
74371,2.95
131326,0.0
69781,0.0
115805,0.0
77920,0.0
132445,1.25
73267,5.0
41504,0.0
112594,0.25
9515,2.5
142552,1.5
22760,0.75
153055,0.0
123887,0.0
80726,2.5
93780,0.0
87645,0.0
69289,1.75
138169,0.7
153971,0.0
161311,1.95
60046,0.0
114808,0.0
33414,0.15
67720,3.2
158392,0.0
33976,0.0
132804,0.5
101710,0.0
87819,0.0
1489,0.0
73240,1.4
141554,0.0
185638,0.0
167855,0.0
71456,1.45
179207,0.0
136483,0.0
24216,1.0
13965,0.0
130920,0.0
92644,0.0
111414,0.0
83960,2.5
147015,0.0
116376,0.0
98341,1.35
103405,0.0
116829,3.4
149708,0.5
160709,0.0
173904,18.75
186936,0.0
152904,0.0
107188,0.0
122782,1.5
147414,1.0
38767,0.0
75632,4.05
129470,0.0
133101,0.75
75625,0.0
26616,0.5
9131,0.35
123514,1.6
127016,0.0
41176,1.8
34862,0.5
51452,3.0
117949,4.5
164986,0.0
57871,1.4
142903,1.0
144014,0.0
154027,3.25
105464,0.0
149082,0.85
177661,0.75
182090,4.0
143141,0.4
83633,0.5
11844,0.0
174390,0.0
68933,0.6
85247,0.0
4599,0.0
66225,0.0
167398,5.25
37621,0.0
8690,0.0
134047,0.0
113346,0.0
1060,0.0
150373,11.25
146891,1.7
105760,0.75
131279,0.0
33685,0.0
37291,0.0
180729,0.0
139183,0.0
5495,1.5
128345,0.75
55327,2.05
45742,0.25
140784,1.5
74516,0.75
152312,0.0
124423,1.5
141686,0.0
172334,0.0
38434,0.0
181218,0.0
157855,3.0
145423,0.25
42888,0.5
77925,4.75
147475,1.0
146420,0.0
144631,0.0
87032,0.0
88303,1.15
95709,0.25
178042,0.0
27051,3.75
60692,0.0
7295,0.0
131599,0.0
50982,4.0
84572,0.0
70574,2.1
58453,0.0
73762,0.0
139903,0.75
46228,0.0
7678,0.35
68134,0.0
80070,0.75
87917,0.9
68431,0.0
137652,0.6
111575,2.8
98080,0.0
184342,2.0
131955,0.0
156828,1.0
14708,0.35
51114,0.0
40800,0.0
69593,0.6
96455,0.0
163978,0.0
142963,0.0
147736,6.75
24911,1.45
112534,2.3
143901,0.0
97219,0.0
109931,1.25
152565,1.5
60366,1.05
118571,0.15
136938,0.0
31317,0.0
102298,1.0
3388,0.0
16111,0.0
43757,0.0
153781,1.1
64087,1.05
162430,7.5
80184,0.0
103254,0.5
178272,0.25
101426,0.0
17819,0.0
173961,1.0
63478,0.5
43797,1.75
104148,0.0
103080,0.0
42982,0.0
156929,0.0
126893,0.0
163639,0.0
112319,2.0
21752,0.0
136223,1.15
161389,0.6
102224,0.85
156807,1.0
68578,0.0
27761,0.0
35349,0.25
168835,0.0
187775,2.0
21297,1.75
187720,6.15
134995,0.0
51964,2.6
183711,0.0
140522,0.0
188432,0.5
169445,0.0
180380,0.0
143730,0.0
114282,0.0
17235,3.65
42877,0.0
14220,0.0
11219,0.0
3655,0.0
64547,0.0
66527,0.0
133501,0.0
68927,1.6
84721,0.5
22940,0.0
125932,0.0
151203,0.25
74254,1.5
145254,14.2
121043,0.0
157807,0.0
119127,5.2
117203,1.0
150846,1.6
138134,0.0
61286,3.4
122007,0.0
143455,4.25
180572,0.0
36710,0.0
104972,2.25
145046,0.0
71597,0.0
5707,0.0
136438,0.0
17637,1.75
56781,0.0
58765,23.0
142717,0.0
80948,3.55
147630,15.0
10889,1.5
77213,0.25
115326,3.65
87188,1.65
51909,0.65
32585,1.25
111472,1.5
86790,0.0
148952,1.0
11103,0.15
103875,0.0
151296,0.0
7778,3.0
6758,2.0
187020,0.75
120045,0.0
69591,2.25
26009,1.0
174459,0.0
185852,1.0
149528,0.0
101917,7.9
93759,0.0
134103,0.0
4784,0.5
146423,2.15
109093,4.0
3369,0.0
23777,0.0
41458,3.1
173294,1.5
44159,0.0
151488,0.0
179088,1.9
73873,1.5
16688,0.0
176490,0.0
112501,3.2
183076,1.5
136639,1.5
71982,0.0
34040,1.75
143750,0.0
79813,0.0
161614,2.25
30904,1.7
71388,0.0
75554,0.0
39411,0.0
64223,4.85
47154,0.5
52998,0.0
73555,0.0
17621,0.75
64140,0.0
142355,0.0
168524,0.95
60816,0.0
77664,0.0
97378,3.0
27401,4.0
3789,0.0
24368,1.5
471,0.0
2134,0.0
143892,0.0
2984,1.4
30895,0.0
140516,0.0
104933,1.0
63563,2.25
120546,0.0
183595,0.0
101449,0.3
97120,0.0
69025,0.25
156779,5.0
106588,0.0
33655,1.25
39741,0.0
158526,0.0
163062,1.0
114766,1.0
65810,1.75
37638,0.0
126457,0.75
163421,0.0
37452,0.0
125035,0.25
50941,1.5
16188,5.7
166552,0.0
143226,0.0
120024,0.0
151078,0.0
29722,0.0
19096,0.0
1709,0.0
49854,0.0
190142,0.0
2162,0.0
47054,0.15
120491,1.5
50354,0.0
14065,0.0
149524,1.0
182297,0.0
62585,2.0
2081,0.5
181507,0.0
115481,0.0
38549,0.0
108315,0.25
79122,6.25
138916,0.75
33076,0.0
37259,0.0
53036,0.0
10527,1.35
153880,7.5
74564,0.25
144338,0.0
139002,0.0
54546,0.0
152628,0.4
41418,0.0
10641,0.5
136607,1.5
129413,3.95
153063,0.0
60802,0.75
45522,0.0
59485,1.5
167764,0.85
52999,0.75
147355,0.0
157863,1.55
67885,0.25
139863,0.75
148961,0.45
142790,2.0
93923,3.0
40952,0.0
34114,5.0
179062,0.0
121354,0.25
133108,3.2
191429,0.0
21760,0.0
118028,2.75
86694,0.0
38162,2.25
99322,0.0
124449,1.8
9439,0.0
128291,0.25
111316,0.5
51845,2.05
5167,0.0
40740,4.5
20143,0.7
50074,2.6
122175,0.7
64588,0.25
17405,3.5
54072,0.0
5227,1.5
94959,1.25
5178,2.5
119816,0.0
143120,0.0
127963,0.0
80968,2.5
152862,1.5
52934,1.05
7004,0.0
52070,2.1
176870,0.0
37175,0.0
7872,0.0
3994,0.0
110478,0.0
12428,0.0
103979,0.0
19783,0.5
176507,0.0
26180,0.0
72109,0.0
102916,15.0
108827,2.6
156094,3.75
74490,0.0
163520,0.0
164363,0.0
83245,0.0
79429,1.0
56059,0.0
83265,0.0
96489,1.75
184855,2.5
107626,0.0
58137,2.25
20318,0.0
65201,2.8
163909,0.75
184346,1.05
119308,7.5
3908,2.35
86228,0.0
70016,0.0
77019,0.0
152879,0.75
74301,0.0
184757,1.05
80614,0.0
96102,0.0
103044,0.0
117634,0.75
116434,0.0
134671,1.75
107352,0.0
142280,0.45
177923,0.0
5381,3.75
57278,2.35
85052,0.25
141684,0.0
178748,0.75
60607,0.0
22357,0.0
40947,2.0
183200,0.35
138379,0.35
131772,0.5
67294,0.75
82207,0.0
68661,3.0
172645,0.0
15865,0.0
49228,0.0
32854,0.75
79761,0.0
96225,2.9
48814,0.0
37484,0.0
32845,0.5
108015,0.0
115040,0.0
174895,0.0
141500,1.0
110642,2.25
142905,0.0
159748,1.25
72718,0.0
154815,0.0
73306,0.75
186508,0.0
118152,0.0
155255,4.7
181147,3.5
106395,0.0
41056,0.25
89050,3.05
141098,0.5
190131,0.0
116732,2.5
4834,2.1
110046,0.0
94307,0.0
182800,0.0
133639,0.0
112855,0.0
68232,1.0
103948,1.0
126516,1.4
86205,4.15
154505,0.0
37521,0.0
38894,3.65
101344,0.45
15038,0.75
114076,0.5
135564,2.5
9358,0.0
112022,0.0
170937,0.0
94643,4.0
50760,0.0
52037,0.0
21038,0.0
161098,7.8
146430,0.5
92672,0.0
164103,0.85
117240,0.0
124237,0.0
72591,1.6
28691,0.0
166228,0.0
138521,0.0
48671,0.0
185525,0.0
137263,0.0
134028,0.0
139421,0.0
188899,0.25
58914,0.0
121631,0.95
127499,0.0
19650,0.0
137718,0.0
19528,0.0
174356,2.0
127188,0.0
152828,1.5
50294,0.0
141000,6.75
123120,0.0
31130,0.0
49593,1.25
106512,0.0
19268,1.5
172322,0.0
102429,3.1
157425,0.0
34763,0.75
18739,0.0
104017,0.0
155002,0.0
151328,0.0
17997,0.0
122083,0.0
91627,0.5
31669,0.0
129752,0.0
45777,0.75
32365,1.75
117279,1.75
145313,0.0
112570,0.4
46100,0.0
115125,0.0
5900,0.4
140672,0.75
168082,0.0
8789,0.0
170891,0.0
83588,0.0
16265,0.0
147764,0.0
8087,0.0
141954,0.5
146985,11.75
61374,1.85
148808,1.0
87890,2.25
129277,2.1
21210,0.6
61673,0.0
42429,0.0
180090,1.45
76503,0.0
8779,0.0
91075,0.0
143615,0.0
80210,1.75
153339,4.75
47370,3.5
56739,2.05
126909,0.0
73962,0.0
168381,0.0
164400,0.0
182252,0.0
28953,0.0
56583,0.0
115129,1.0
104731,0.0
7545,0.35
60332,0.0
23559,0.0
159174,0.0
121940,2.25
126849,3.0
147705,0.0
105084,3.85
45485,1.25
50895,0.5
78818,3.05
24455,0.0
51384,0.55
161539,4.35
65057,2.25
157093,0.0
17486,1.0
155304,1.0
94019,0.5
191590,0.0
133062,2.5
97337,0.75
158025,0.75
25665,5.25
81847,13.0
178019,3.25
82767,0.6
8252,0.0
124565,0.0
101724,1.0
186655,0.0
128,0.25
85559,0.0
98765,0.75
155099,0.0
36079,2.6
17693,0.0
120117,1.75
128984,1.5
70377,0.0
12601,0.0
186965,0.0
115149,0.0
164177,0.85
53021,0.0
121158,0.0
140047,0.0
152695,0.0
38739,0.25
85914,5.25
19660,0.0
4474,0.25
182551,1.2
126156,0.0
93322,2.0
164610,1.0
19748,2.0
3377,1.0
175025,1.25
23561,0.0
56436,0.0
119621,0.0
68027,0.75
124106,1.7
113990,0.0
29818,0.0
12991,0.0
42286,0.0
52031,0.0
182074,0.0
163809,0.0
173684,0.0
98491,0.5
104985,0.0
100882,1.5
32512,0.0
77081,0.0
61967,0.0
178516,2.1
144351,1.25
18855,0.35
126403,1.4
54106,0.5
180149,0.75
160313,0.75
183591,0.0
84541,0.0
145295,0.0
106564,0.25
173399,0.75
33359,2.25
118230,0.0
172831,1.75
162201,4.1
106342,4.0
60140,3.0
178842,3.1
31470,0.0
2475,2.25
33116,0.0
110680,2.0
9745,0.0
46369,0.0
79260,2.5
68136,0.0
92085,4.0
145143,0.0
167707,0.85
83243,0.0
157875,1.25
159261,0.5
10138,0.0
67206,2.5
40255,0.0
62440,0.0
19825,0.0
157166,0.0
37984,0.0
70735,0.0
93874,0.0
82301,0.0
28995,0.0
28125,0.0
144359,0.0
42564,0.0
55985,5.8
163327,0.75
19214,0.0
124595,0.0
44395,1.5
52525,0.0
85584,4.75
21112,0.0
187632,0.75
2519,0.5
162793,2.0
65739,1.7
627,0.0
17925,2.05
7143,0.0
47160,0.0
69230,0.7
42609,2.1
111967,1.25
114603,0.0
6100,2.25
80324,0.0
91026,0.0
37779,0.0
189159,0.0
163236,1.25
162868,0.0
127583,4.3
36107,0.0
99372,1.5
91754,1.0
177916,0.0
73052,0.0
127892,0.0
122966,1.0
169035,0.75
51141,0.0
14638,0.0
191188,0.0
126875,15.0
28058,0.0
132483,0.75
8642,1.0
6965,2.0
158160,1.75
20635,0.0
163489,0.0
21389,5.25
102436,3.25
143562,0.0
140329,0.0
163634,0.0
140146,1.0
114401,0.0
1087,0.0
137249,1.8
50901,0.0
105377,0.0
19094,0.0
53327,0.0
189732,0.0
77224,0.0
51149,7.5
76482,0.75
69466,0.9
154169,8.0
127407,0.0
42940,0.0
12716,0.0
138651,0.0
163381,0.6
147081,0.75
170552,0.0
24666,0.0
7109,4.0
171487,4.0
115286,1.5
172362,0.0
81187,0.0
161473,1.25
99142,0.0
75367,0.0
111853,1.25
70303,2.25
135206,0.0
22743,0.0
166865,0.0
52119,3.0
26862,0.0
112102,2.5
109766,0.0
36574,0.0
179238,0.0
118866,3.0
44096,0.5
168049,1.0
63218,0.0
44345,0.95
120689,2.0
87783,0.0
102361,0.0
178508,0.0
122711,0.0
128261,0.0
142566,0.0
137541,0.0
136471,0.5
185216,0.0
175056,2.4
71922,2.5
2001,0.75
131555,0.25
160086,0.85
169243,2.5
70351,3.0
16296,3.0
91152,0.5
72978,3.45
163232,0.0
2156,1.5
105852,4.5
150212,0.0
52827,3.5
59965,0.0
111470,0.0
41839,0.0
159941,0.0
124583,3.45
183152,1.05
92820,0.0
4647,0.0
81946,0.35
135314,4.75
91719,0.0
188485,3.0
129447,3.25
33203,0.0
31048,2.05
86363,0.0
96778,4.75
31298,0.0
74238,0.0
133949,0.25
98437,0.0
65335,1.6
106422,1.8
88194,0.0
170237,0.0
147942,7.2
100067,1.5
139204,1.0
186247,0.0
21596,2.05
59807,1.15
84192,5.0
40090,0.0
19926,1.45
68321,0.45
161443,1.75
173972,3.5
100007,4.0
155975,0.0
64511,0.0
56364,1.4
173612,8.5
37323,0.0
133632,40.0
28830,0.0
176359,0.0
46626,2.75
183766,0.0
28008,2.0
137600,0.0
22644,1.25
25724,0.0
2382,0.0
78396,0.75
80993,0.0
149713,0.0
144309,0.5
156988,3.5
171451,0.0
75282,1.5
125748,5.5
184344,0.0
54287,2.5
168958,2.5
145024,0.0
30043,0.0
56530,0.0
47455,5.2
38509,3.0
46181,2.25
31377,0.0
8709,0.0
121174,2.75
20817,0.0
102656,0.0
157433,0.0
40972,1.9
110597,0.0
28967,0.0
138635,3.75
109451,0.0
191726,14.0
135571,0.0
130650,0.0
88718,0.95
134224,3.9
171712,0.0
93102,0.0
100925,1.0
29440,0.0
142572,1.0
43893,1.25
25462,0.0
175096,6.5
127004,3.1
83709,2.6
2030,0.0
44235,1.25
140911,0.0
129564,4.35
101295,15.5
64003,0.0
88030,0.0
100652,0.0
28305,0.0
2709,0.5
137070,2.05
57396,0.0
32555,2.5
146913,0.0
84293,2.0
68724,0.5
152137,0.0
117263,0.0
72576,1.1
169690,2.8
53690,0.0
190245,0.0
76524,0.0
25622,0.0
6404,0.0
164323,0.25
52960,0.0
109669,0.0
176316,5.65
45138,0.0
69730,4.7
181569,0.85
134965,2.55
52759,0.0
104166,1.25
164655,0.85
10001,0.0
156981,0.0
138762,1.25
50851,1.5
185000,0.0
35017,0.0
15939,4.0
73468,3.0
144040,0.0
126736,0.0
158674,0.0
107041,0.0
170913,0.85
40885,1.5
111385,1.25
92357,3.55
31776,0.0
96940,4.25
28733,0.0
66504,1.95
183313,0.0
93010,0.0
140282,0.0
160953,0.5
119283,3.5
55945,0.0
55450,2.25
67389,0.0
111886,3.0
132165,1.75
57016,0.5
51438,2.4
91933,0.0
34607,4.55
34214,2.45
121256,1.1
7423,0.0
87149,0.0
158972,0.75
177853,1.25
167063,0.85
81942,1.5
155051,2.9
67580,0.0
121798,0.5
80872,1.8
26531,1.05
172682,1.5
174177,10.0
179701,0.85
106351,0.0
8053,2.5
159593,0.7
136712,0.0
159780,0.0
149866,0.0
113497,0.35
104160,2.7
128333,0.0
16466,0.0
16868,0.75
46089,0.5
147316,0.0
80437,0.0
28150,0.75
129262,2.9
113977,0.0
123852,0.0
2493,0.0
146269,2.6
22115,0.0
110209,4.95
159879,1.25
106822,1.5
96955,0.0
46533,0.8
21790,0.0
5135,2.65
113856,3.95
4894,0.75
102186,0.0
75250,0.0
188241,1.6
121061,0.5
76851,0.0
132354,0.25
68652,1.05
158039,0.0
155328,0.4
171791,1.7
41615,0.5
1688,2.0
83282,0.75
20066,0.0
178767,0.0
131861,0.0
120067,0.6
110200,2.75
24730,0.0
3686,0.0
129014,0.0
53516,2.6
154663,1.5
179715,0.0
76802,0.0
132954,0.0
68151,1.5
71344,0.0
155127,6.9
17844,2.0
142546,0.0
96651,0.0
37795,0.0
20516,0.5
7893,0.35
11692,1.25
36441,0.0
120456,0.0
31128,0.0
163585,0.0
116196,0.0
110210,1.0
157903,0.35
6310,0.0
189561,1.0
168521,2.0
12951,0.0
53279,0.0
22978,0.7
170017,0.25
65942,3.2
112648,0.3
88895,0.0
17313,0.0
46428,0.0
66703,0.0
94177,0.0
146047,0.0
39462,2.15
58547,1.35
38523,0.0
30956,0.0
35969,2.75
119852,0.0
101924,1.15
129807,0.0
13094,0.0
160034,2.1
53144,1.0
71204,0.0
89487,0.0
21649,0.0
103920,0.0
80413,0.0
42936,0.0
61506,0.5
44104,0.0
125273,0.0
61461,0.5
148740,0.5
11858,0.0
63355,0.0
148326,8.65
143159,0.75
25862,0.75
17836,0.0
96579,0.0
131386,0.0
17974,0.0
31587,0.0
75450,0.0
190581,0.0
14365,10.0
159330,0.35
20193,0.0
30185,1.25
85431,0.0
122668,4.75
24433,2.25
79436,0.0
66372,0.85
113187,1.0
185536,1.4
89859,0.6
82923,0.6
170158,0.0
34186,0.75
29985,0.0
102681,0.0
191576,3.1
172326,0.0
110223,0.5
73326,0.0
33875,2.1
81834,0.0
120918,0.0
139634,0.0
108076,0.0
1654,0.0
102647,0.0
150484,3.6
141505,3.25
4432,0.9
113712,0.0
102514,0.0
183454,0.25
145647,0.0
65949,0.0
104629,2.95
80388,1.0
14848,0.0
112942,0.0
69318,0.0
88761,0.0
14564,18.75
23387,2.05
70620,0.0
48894,0.0
102089,0.5
62390,0.0
33877,0.5
123202,0.0
150810,0.75
177400,1.2
31070,0.0
73648,1.95
168487,0.0
13085,0.0
108581,1.5
162913,0.0
47918,0.0
182068,0.0
67990,0.0
13498,0.5
163920,0.0
186351,2.5
188577,0.0
106757,0.0
160530,4.5
66286,2.0
107390,0.0
36453,0.0
181434,2.75
171612,3.95
36365,0.75
29936,22.5
125630,0.0
118456,6.5
32930,0.0
37921,2.75
147680,3.2
6009,0.0
103421,1.15
148376,0.0
61157,0.0
27278,0.0
147165,0.0
93350,1.5
153758,0.0
183175,0.75
95949,12.0
160180,0.0
111962,3.9
153513,0.0
88468,0.6
133573,5.2
152300,0.0
102328,0.0
96867,0.0
159961,1.1
144876,0.0
66439,0.0
162313,0.0
151681,0.0
40607,2.1
69697,0.0
30579,0.5
52959,2.0
165204,0.0
113065,0.0
53095,1.75
60662,1.5
149815,1.25
136572,1.0
109565,0.0
69551,1.1
5812,3.1
163471,0.0
35359,0.0
178809,0.0
138770,2.0
92807,0.0
75158,0.0
12992,1.0
88738,2.15
188490,0.5
149060,0.4
1752,0.0
65176,3.1
180665,0.0
43179,1.0
29049,1.05
126060,0.75
1216,1.95
174939,1.0
135186,0.75
155657,3.95
78798,0.0
109137,6.0
8404,0.0
86592,3.4
109350,0.0
39765,0.0
191235,0.0
185114,1.5
50194,0.5
119633,0.0
117166,0.0
76917,1.5
169904,0.0
160633,0.0
60822,0.0
162891,4.5
598,0.0
13461,0.0
76759,0.75
145199,0.0
7310,1.6
116054,0.5
17277,0.0
131660,2.1
86896,0.0
54212,1.5
121914,0.0
141322,0.0
47759,0.0
18953,3.6
98064,0.0
92420,0.5
12016,0.0
17382,1.55
179951,2.05
90889,0.0
168465,1.0
122483,0.75
138564,5.35
67167,1.25
190758,0.0
180276,3.75
176689,0.0
61659,0.5
98178,0.0
3357,0.0
18654,0.0
156253,0.0
46673,1.25
59945,15.5
190553,13.75
158830,1.25
188968,1.75
79621,0.9
47727,0.0
75741,0.0
76429,0.0
190416,0.0
142688,0.85
184401,0.0
135658,0.0
148428,0.0
27922,2.25
23973,0.0
165260,4.9
27343,0.6
40121,3.0
7798,0.5
12602,15.0
46579,0.5
145769,0.0
44454,5.0
72377,0.5
320,0.0
187768,1.1
94138,1.35
63782,0.75
136945,0.75
146079,0.0
84056,2.5
111380,1.0
52239,0.0
61274,1.05
184135,7.5
67576,0.7
74828,0.0
173497,11.0
36119,1.6
170778,5.45
107618,2.3
182897,1.35
65167,2.7
139875,1.1
178573,0.0
103227,2.65
110974,0.0
180788,0.0
95012,0.0
81122,4.0
171668,0.0
142728,6.2
42729,1.05
186871,0.0
71869,0.0
54227,0.0
114100,0.75
79770,0.0
190482,0.0
52489,2.05
169036,1.95
68941,0.0
54387,0.0
169914,0.75
105355,0.0
156327,1.3
81881,0.0
107412,0.0
157082,0.0
44254,2.1
151507,0.0
19569,0.0
157322,5.4
14424,0.75
35012,1.5
112587,0.0
84567,0.75
164871,0.0
64777,0.0
175967,1.5
184879,0.25
139939,0.0
171585,0.0
56285,3.15
118879,0.0
40228,0.0
109788,0.0
120364,0.0
174811,2.0
186795,0.0
38431,1.0
34871,0.0
73188,0.75
13845,0.0
112889,0.0
178682,1.5
14289,0.0
165977,3.1
183528,1.05
74132,0.15
153111,0.0
1895,0.5
143438,0.75
182505,0.5
126366,0.0
167571,0.0
6200,0.0
61980,1.5
177428,0.0
132510,0.0
68377,0.75
125807,0.0
144922,0.0
16473,1.85
66337,0.85
190043,0.6
8991,0.0
130462,9.25
114517,0.0
131249,0.0
58005,0.0
137378,0.0
39916,0.0
125003,0.0
65696,0.0
42125,0.75
29683,0.0
10936,0.0
141361,6.0
103358,0.0
174083,0.0
91154,0.0
170948,4.9
95829,0.0
81596,0.0
114835,0.0
11378,0.0
166615,2.2
84188,0.0
29633,0.0
24832,0.0
148069,1.75
16423,3.0
145139,0.0
92666,0.0
91875,0.0
135739,3.0
82306,0.0
13082,0.0
13101,0.0
45151,0.95
78440,2.45
128044,0.0
121736,0.0
179655,0.5
23375,1.75
154400,0.0
71882,0.0
14994,0.0
155445,2.1
41968,0.35
91626,0.3
139669,0.0
107724,2.0
43949,0.75
126569,0.0
182890,3.2
50247,0.0
99520,0.0
84155,3.75
116071,0.55
5374,2.9
85448,1.15
119696,2.8
25005,0.0
111331,1.25
155823,2.6
79251,0.65
6764,0.0
110065,0.0
143241,0.0
139843,0.0
55699,2.5
66652,3.5
122071,1.5
91136,0.0
118541,0.0
63725,1.5
149833,0.0
12966,0.0
119884,0.75
81688,0.0
124000,2.25
145713,0.0
32460,1.0
127757,0.0
12656,0.0
86260,0.0
69681,0.0
128811,0.0
119325,0.0
39815,0.0
56550,0.0
134173,0.0
88551,3.0
112103,0.0
152619,0.95
86417,2.75
6145,0.35
92427,0.0
162055,0.0
28238,1.75
101789,1.75
177345,2.05
63692,2.75
79542,1.5
131266,0.6
94097,0.0
30788,2.75
99497,0.0
179928,0.0
4154,0.0
95141,0.0
182564,1.5
118945,0.0
51861,0.0
16332,0.0
44758,0.6
66823,0.0
75378,0.0
34008,1.35
100822,0.0
117499,3.0
51657,5.0
55442,2.25
164444,2.15
185600,1.15
114635,2.2
150220,0.0
8232,0.0
12658,0.0
46652,2.75
24393,4.05
99530,0.0
93084,0.0
83977,2.75
157723,0.0
20180,0.0
92490,0.9
61779,2.0
13752,1.0
69187,0.0
163931,2.65
105712,0.75
45474,0.0
105392,0.0
190291,0.0
80561,2.5
165443,1.25
146082,0.0
16109,0.0
33193,0.0
93673,0.0
46537,0.0
170050,1.25
99978,0.0
90415,0.2
1322,0.0
182243,1.05
51566,2.6
95561,0.35
106671,2.75
92525,1.6
138230,0.0
98614,0.75
183101,0.0
135121,0.5
115964,0.0
101829,0.5
92277,8.25
27998,0.0
15695,0.0
75400,0.0
6489,1.45
170595,0.0
29549,1.8
67224,4.75
79145,2.25
70739,0.0
18298,0.0
28746,0.0
141276,0.0
136960,0.0
58582,5.25
67195,1.7
152505,0.0
152620,1.0
28607,0.0
106218,0.0
150382,0.0
132163,0.25
142230,2.5
22351,1.0
148613,0.35
38885,0.0
153669,1.25
150122,0.0
51513,0.6
73623,0.0
98943,1.7
109629,0.0
103593,0.75
8327,1.0
53763,0.0
130191,1.5
143253,0.0
3590,0.0
11597,0.0
47039,1.5
46572,2.6
13448,0.0
170239,2.25
133809,0.0
66674,1.55
113356,0.75
16195,4.25
136857,0.5
171003,3.5
151615,0.0
3545,1.0
3865,0.0
109662,0.0
84690,0.75
46769,0.0
41119,2.5
156414,1.0
65099,0.0
182575,0.0
79719,4.25
16131,0.0
86309,0.0
133664,1.4
71791,1.75
164233,2.4
113892,1.0
131422,0.0
47714,2.05
49485,0.5
80039,0.0
7069,0.0
19071,2.5
173205,0.0
80650,0.0
102107,1.5
168823,1.0
116723,2.25
137642,0.35
159178,0.0
8782,1.05
121626,0.0
182748,0.0
75030,0.0
107213,2.0
73010,0.5
186320,0.0
70622,0.0
11883,0.0
11805,18.75
181105,0.0
142525,3.0
179497,0.0
79498,0.0
50847,3.5
120376,1.1
52830,2.6
161140,0.0
121115,0.0
180418,0.0
131566,0.0
176313,0.0
165710,0.25
72225,0.5
90281,0.0
95991,2.1
133626,0.0
101716,0.0
131064,28.5
61319,0.75
2067,0.0
36377,0.0
183226,0.9
157250,0.0
72762,0.0
156266,0.0
59794,0.5
84740,0.0
57333,3.5
3152,0.0
152230,0.0
74703,0.0
128325,0.0
153712,0.0
88735,0.0
182938,2.75
120469,0.75
157481,0.0
10092,0.5
14826,0.0
63485,5.0
132093,0.0
88333,0.7
186462,0.0
59874,0.0
88943,2.0
96827,1.65
19574,0.5
171891,0.0
77521,2.25
128836,1.4
181440,0.75
175871,0.0
40371,4.75
55725,0.75
153789,0.0
160177,0.0
118199,0.5
98462,0.35
170284,0.0
3029,0.0
120267,0.5
152623,0.0
182877,0.5
161565,0.75
182578,0.35
77588,0.25
81665,2.5
20667,0.0
134596,1.95
32915,1.0
13626,0.35
112402,0.25
41453,0.5
161633,3.5
151997,6.0
88283,0.0
183387,0.0
34302,2.2
145114,0.0
22969,2.25
85999,0.35
12905,3.0
5459,0.0
75462,0.0
12979,0.75
162536,6.35
136818,3.6
158286,0.0
152921,0.0
97502,3.25
138136,2.0
93174,0.0
93760,0.0
113811,0.75
60052,0.0
162620,0.0
78192,0.5
88341,0.0
77088,0.0
177278,3.0
63375,2.25
14670,0.35
21185,2.85
29719,0.0
143997,0.0
21354,0.0
119470,2.05
127893,0.0
24599,0.0
124986,0.0
104567,1.25
50789,0.0
191116,0.0
16902,2.0
13483,0.15
190838,0.0
62046,0.0
8644,0.0
841,0.0
149678,0.0
171942,0.0
169208,0.5
13897,0.0
18450,0.0
71516,0.0
73589,0.0
113991,0.0
82936,0.0
134536,0.0
69765,0.0
165618,0.75
81770,2.0
31118,0.0
117807,2.8
128972,0.0
8143,0.0
134114,0.0
90999,0.0
84445,1.0
78810,0.0
104181,1.7
143133,0.0
147872,0.0
96328,0.0
81722,1.0
2320,0.85
69515,0.0
76080,0.0
43322,1.5
133525,0.0
95118,1.0
134475,0.75
90777,0.0
113803,1.9
6536,0.0
85996,0.0
124364,0.9
118196,1.05
97598,0.0
170424,0.0
166101,1.5
156553,1.25
156316,7.4
93859,0.0
105568,2.6
39870,0.0
49392,1.5
90761,0.0
156672,0.0
60835,1.4
86122,0.0
179852,0.0
44062,0.0
53726,3.0
23741,0.0
26603,3.75
17010,0.0
80308,2.15
176300,7.5
177823,1.75
67770,0.0
80887,3.85
126952,0.25
143158,0.0
80231,0.0
190121,0.0
152877,0.0
38717,0.0
14496,0.0
69014,0.0
108708,0.0
7835,0.0
104891,0.0
53333,0.0
100077,0.0
152777,0.75
172980,2.5
181462,1.8
112098,5.25
175378,1.75
1252,0.0
181586,0.0
121729,0.0
69667,1.05
134800,4.5
441,0.0
12399,0.0
98991,0.0
153272,0.0
29632,0.0
189482,0.0
141566,3.75
47355,0.0
170081,0.25
6835,0.0
86668,0.0
159163,0.0
87623,0.85
11648,0.0
125759,0.5
15948,0.0
185325,0.0
173062,0.0
119437,0.0
67148,1.25
161316,1.0
34417,2.1
123699,0.5
10268,0.0
163288,1.0
191032,0.0
12200,0.5
132913,0.0
163491,0.0
130134,0.0
71175,0.0
53725,0.0
49026,1.35
21905,0.0
155417,4.6
111799,3.75
110950,3.45
79413,0.75
176433,0.0
127147,2.25
114345,0.0
74937,0.6
180096,0.0
151446,1.0
117137,0.0
143773,0.0
32677,0.0
109430,0.0
183367,0.0
143688,0.0
176619,0.75
104273,0.25
139732,0.25
104145,0.0
102025,2.0
78956,1.0
59743,0.0
93365,0.0
133053,0.0
66973,0.5
23487,3.8
37341,0.0
124090,0.75
1636,0.0
144887,3.2
113895,0.0
189399,0.0
31827,0.75
30770,13.75
134613,0.5
176479,0.75
132209,1.0
154799,3.0
4355,1.75
35518,3.45
13733,0.45
61476,0.0
162169,0.85
116254,0.5
106592,0.25
99420,0.0
13728,0.0
131080,0.0
116658,0.0
165004,0.0
146149,0.7
106255,0.0
84525,0.0
83033,0.0
14931,0.35
602,0.0
128735,0.0
153425,0.75
59106,0.0
117433,0.0
109644,0.0
118955,2.2
85185,0.0
178463,0.0
22450,1.7
169476,0.0
157066,0.25
122667,1.6
113380,0.0
72012,0.0
8430,0.0
55933,0.0
47851,0.0
165224,2.25
88849,0.5
143485,0.0
124363,0.0
78799,5.0
125500,0.0
34612,0.0
34338,0.0
178814,3.25
159671,0.5
51963,1.85
26393,0.25
27286,0.0
87554,0.0
85753,0.0
28232,0.0
143366,0.0
113045,3.9
119253,1.5
102623,0.0
166685,6.75
59492,0.6
133817,0.5
86439,0.0
36813,0.75
75048,1.0
119198,22.5
108248,0.0
118324,0.5
110387,0.0
123989,0.0
50029,2.05
85582,1.0
166728,0.0
140001,0.95
183552,3.65
42643,0.0
152709,0.75
175428,0.0
165406,0.0
28385,0.0
115722,0.0
31606,0.75
91751,0.0
99785,0.0
65769,0.0
108038,0.85
24971,2.0
96317,0.0
135477,0.0
54200,0.0
161247,0.0
149659,0.0
62263,0.0
171772,0.5
115083,0.0
25053,0.0
150186,5.65
114747,0.0
63046,0.0
168022,1.7
52224,6.9
128607,1.75
87995,0.0
72408,0.0
4455,0.0
96434,0.0
156526,0.0
81798,2.25
146437,1.6
171819,0.75
183111,0.0
106249,1.5
25955,0.0
151195,0.15
186243,0.0
190566,0.75
172477,1.25
152553,4.0
107240,0.0
166832,0.0
69734,0.0
2760,0.0
72732,0.75
95932,0.25
113148,1.0
144855,0.0
58911,2.25
95485,0.0
24644,0.0
166507,5.65
149512,4.0
61901,2.25
60805,1.2
14045,4.75
5321,0.0
1057,0.0
7672,0.0
15724,0.0
46134,1.85
12386,1.75
190595,0.0
61336,2.25
14755,0.35
58978,0.0
48734,0.0
25248,0.15
102648,0.0
138454,4.25
58950,0.75
70140,0.0
73130,0.0
29588,0.3
94408,0.0
39095,0.0
91675,0.0
56865,0.5
129396,0.2
136359,0.2
29297,0.0
3431,0.0
114998,0.0
183970,4.5
151417,0.0
125951,0.75
166461,0.0
90586,0.0
136416,0.75
110219,1.25
79264,0.0
7424,0.0
14781,0.0
58395,1.5
156143,0.0
99634,4.65
170798,0.75
25205,1.0
117914,3.75
178922,0.0
107389,1.0
87269,0.0
116879,0.0
169437,0.0
94825,2.6
165684,0.0
